,user_id
0,MjIuMzoJKywx
1,MlUwRDUMXCQ0
2,MlUwRSlwPyYm
3,MlUwSjRxLy8/
4,MlUwSi0SIlBW
5,MlUwS0gGWyRU
6,MlUwIzxwKisg
7,MlUwICtxWy43
8,MlUwITMQO1E1
9,MlUwJzIUXSYr
10,MlUxQzd3P1ok
11,MlUxSz8JXVpW
12,MlUxM0oGXFpc
13,MlUxMzMKPS4/
14,MlUxMyMPLSJQ
15,MlUxMDFyODAy
16,MlUxMCh7KC01
17,MlUxMC0RXCdW
18,MlUxNksGPlE8
19,MlUxNEtyP1Mm
20,MlUxNUAMUSAh
21,MlUxNT4MKigy
22,MlUxOU91KlMr
23,MlUxOU8FIlBd
24,MlUxOT0HXldT
25,MlU2QE0QIy5d
26,MlU2QDx7ITIy
27,MlU2RToFX1Ey
28,MlU2Skp1XSgz
29,MlU3ODtwOFVT
30,MlU0RCAQWlIr
31,MlU0RS13Oykk
32,MlU1IEt1PjAi
33,MlU6MEoOWVoj
34,MlU6JEhyWlZU
35,MlRQMU97MCQv
36,MlRVME0TITdR
37,MlQjQ0F0WlE0
38,MlQgRCEDWDcv
39,MlQhRzoBMVQw
40,MlQhME4RKlY3
41,MlQmQj16MyVU
42,MlQkIipzXTdU
43,MlQpPiNwJDVX
44,MldXPkoGJC9W
45,MlchNjIELlAk
46,MlcyIigXKCVR
47,Mlc3M0kHOlsu
48,MlYzSyEBKCY3
49,MlY2QzMEXyIy
50,MlY2OT4RMTMw
51,MlY3ICB1Xi0w
52,MllbRkkFMyUy
53,MlkjSk1zUSUr
54,MlhQQk4FJ1cw
55,MlhXIykGWyE9
56,MlhUNSEEIiAr
57,Mlg3NigWPSBS
58,MiBaIy4AJy9c
59,MiBbOjcQOlMo
60,MiAlREATOVtd
61,MiAlIz8KWFYi
62,MiAqMU8XWClS
63,MiAoNCoAWVYh
64,MiAuSkt7LFoo
65,MiAvQk1wMDAu
66,MiAyQyETLFJQ
67,MiAzRksWMyQz
68,MiNSOSAEMCgg
69,MiNTQiwOLSIo
70,MiMhPE52OFog
71,MiMuRSEQXDY8
72,MiM0OisFXzNc
73,MiJQQT4FPSQk
74,MiJQRTJwPCk/
75,MiJRRjN0Jzc/
76,MiJRNjx6WDVR
77,MiIgJyEELyUt
78,MiI1MEFxUC4i
79,MiVWQip7UFdR
80,MiUnRTVwJS1c
81,MiUlSyh7W1op
82,MiUxNDJyLCVS
83,MiU3R0F1KjIv
84,MiU7PEgWKFtV
85,MiU4MCB6Olsp
86,MiU4PkoGOTYi
87,MiRSJjoTXy1d
88,MiRTRyEDLVon
89,MiRQQyoTWiE3
90,MiQyNj0PIzIt
91,MiQyOi4AW1VT
92,MiQ2IDIGUVA/
93,MiQ1NzISLjEv
94,MiQ6R09xXiEr
95,MidaNyh7OS0i
96,MidaIjoRKC4h
97,MicnIysJXzEo
98,MiZRPjR7XiJR
99,MiZVPikXWFVV
100,MiZbQToPOlFX
101,MiZbMTQAXFdX
102,MiZbNzMJXigr
103,MiYgJk10WSkz
104,MiYhOjtxOVUi
105,MiYmRiBzJDFS
106,MiYkQTR2X1oj
107,MiYkJ0gWPVY9
108,MiYlPjIGWVAt
109,MiYpRykULSEo
110,MiYpMEgWWlE3
111,MiYpPi53UDE1
112,MiYuJEhwOVQ2
113,MiYvRy4BKzYi
114,MiYvIC8QJFIk
115,MiYsS0oQXzJV
116,MiYsMD4QPFFU
117,MiYyODcHI1Ez
118,MiYwIDgMJC0v
119,MiY0Ji4WMyJR
120,MiY4IU0PIlQi
121,MilXJiEIXysg
122,MilaMDt6WFZV
123,MiklQjwHUDYr
124,MikoOjN6MCVR
125,MikuOkoRIVFQ
126,Mik0QjV6Kzdd
127,MitaJiF6KCVc
128,MishMCoIOy4t
129,MisvRTwOXTcy
130,MisvIk5wPyUn
131,MisyRCMGKFpU
132,MiszOC93OFpX
133,MiswOS4SOS4o
134,Mis3RywKIjA3
135,Mis0OSkDJS0p
136,Mis6OS4QMDZc
137,MiohSz9zXDEx
138,MiooSzQRLiRU
139,MioyJiAHOzEz
140,Mio0JkoBMS5V
141,Mi1SJzwTI1Ez
142,Mi1VJi52Iygx
143,Mi1aSjUBLDBU
144,Mi1aMzUSXzA/
145,Mi1bQTx7MyE3
146,Mi0nRTRzLFch
147,Mi0qRy8IXiQk
148,Mi0zNTh2PVEr
149,Mi0zNSt6Iyk9
150,Mi0wPj4SIVM2
151,Mi0wPj4TUVck
152,Mi03ODoSOjM1
153,Mi00ODoUX1Mt
154,Mi01PDIHLCIh
155,MixTNyh6PCgy
156,MixQOCMGPFcm
157,MixRQTd1IlQj
158,MixRQTd1OTM9
159,MixRQTd1PTVW
160,MixWIyoFKDYx
161,MixWJz4RWDNU
162,MixWJz4RM1Iz
163,MixXRTcMWFMy
164,MiwgJD0AMSQg
165,MiwmIEoIPDMu
166,MiwmIUwBJClS
167,MiwoQysTIlEr
168,MiwzIDEFWjEk
169,MiwwSyMMLyJc
170,Miw2Ry9yJCsh
171,Miw2OSh7JDAk
172,Mi8oQSgSLSEp
173,Mi82NTcAW1BU
174,MjFaOToPPShc
175,MjEoNiAJOS0z
176,MjE4SzwPPzMx
177,MjAhOikRIyck
178,MjNXSj5xOi8j
179,MjMmNE8AL1I0
180,MjMlNz4JWFJc
181,MjMqQDp3MTYr
182,MjMoSikDXzJW
183,MjMyNTJ6PDEg
184,MjM4IEB6JTVT
185,MjIqPDMPXVAw
186,MjI0Qil3I1Em
187,MjVSSkwTKjIo
188,MjVUNyoXKC4x
189,MjUqQTMHUScz
190,MjUpRy5xPlI8
191,MjUxQCoDODZd
192,MjU2J00HKjct
193,MjRUOEoFWVNX
194,MjQkMT4DUSVS
195,MjQlRi12XTJX
196,MjQsP0oWKzI3
197,MjQyQjF0JSs9
198,MjQ2PEATWDYv
199,MjQ3JiASKCQi
200,MjQ1MS8PLydX
201,MjdUQDcDJ1Qr
202,MjdbSy10XlAv
203,MjcgQD8AWSE/
204,MjcgNCoUWDZT
205,MjcgIT4DKFAm
206,MlFTQjIBO1opdng=
207,MlFTQi1xOzVUeXY=
208,MlFTQiwOUS8wBWo=
209,MlFTQUp7ITEvA2Q=
210,MlFTQSkAKCsoAwQ=
211,MlFTRiERPjBSB2U=
212,MlFTRC1yUCgxAgM=
213,MlFTRCAXWFsuYng=
214,MlFTRCNwXSIwD3g=
215,MlFTRTsAKi9SB2A=
216,MlFTRTJxXiAmAGM=
217,MlFTSk91PDE3B2U=
218,MlFTSk4SJSAofAY=
219,MlFTSk4SJSZcZmE=
220,MlFTSk4RW1sicAA=
221,MlFTSjNxKlo2B2g=
222,MlFTSi9zLVFRZms=
223,MlFTMy4IOy08D3U=
224,MlFTNj8BPytQZHA=
225,MlFTN0AAXy9Remc=
226,MlFTNywRO1Igcgo=
227,MlFTOjEEMClWBHg=
228,MlFTPzcGKzJcdmY=
229,MlFTPEgRWS4xB3Q=
230,MlFTPD8OLDAxAGs=
231,MlFTPD8OJFAucgA=
232,MlFTI0AFOTFQfH8=
233,MlFTIEl7MDEvdHc=
234,MlFTIE57KjMtYwc=
235,MlFTIUoJOSgiBWU=
236,MlFTIUoQPlZRdXY=
237,MlFTJkh2WiJQZmE=
238,MlFTJioALyInAWs=
239,MlFTJE8QM1FSAAM=
240,MlFQQzsHXTVVdnk=
241,MlFQQzoKJVAvcH4=
242,MlFQQy8MLyY/ZAc=
243,MlFQQEsJPlctDnM=
244,MlFQQEB0JTBRDwM=
245,MlFQRkkSM1QxZmU=
246,MlFQRjsUWS5Rc3w=
247,MlFQRjIXIlZWAgI=
248,MlFQRzwRUTAnA3U=
249,MlFQREhxLS43dnA=
250,MlFQREhxLTBUf3Y=
251,MlFQREBwJyVccgA=
252,MlFQREBwJyg/cGU=
253,MlFQREBwJzInBGM=
254,MlFQRDoSMDYgZAM=
255,MlFQRDoSM1AtZnY=
256,MlFQRDoSM1QkZAM=
257,MlFQRD8TJ1onfAY=
258,MlFQRD8TJycoYQI=
259,MlFQRD5zUSEuAWo=
260,MlFQRD5zUSRScHA=
261,MlFQRD5zUS8vZXo=
262,MlFQRDdzUC4iBXU=
263,MlFQRDdzUDE8dXc=
264,MlFQRCwHIjI8AHk=
265,MlFQRCwHJVNVDnQ=
266,MlFQRCwHJVAwAX8=
267,MlFQRCwSMTMkegU=
268,MlFQRUwEIzEwegQ=
269,MlFQRUwEIlJVfWc=
270,MlFQRU8BKlojZmM=
271,MlFQSk0JJTdddGM=
272,MlFQSkATMDMkZwQ=
